time,aggregate_volume
1699362738.954413,80395.83
1699362751.1400197,103104.76
1699362763.7362695,79629.08
1699362773.7704697,10487.70
1699362785.8535678,74531.27
1699362788.2088711,372.83